<?xml version="1.0"?>
<Language name="asm" ext="asm">
  <Attribute Name="variable" ForeCol="#FF0000"></Attribute>
  <Attribute Name="Keyword" Bold="True"></Attribute>

<Identifiers CharsStart= "A..Za..z_" Content = "A..Za..z0..9_"> 
    <Keyword>
	aaa aad aam aas adc add and call cbw clc cld cli cmc cmp cmps cmpsb cmpsw cwd 
	daa das dec div esc hlt idiv imul in inc int into iret 
	ja jae jb jbe jc jcxz je jg jge jl jle jmp jna jnae jnb jnbe jnc jne jng jnge jnl jnle jno jnp jns jnz jo jp jpe jpo js jz lahf lds lea les lods lodsb lodsw loop loope loopew loopne loopnew loopnz loopnzw loopw loopz loopzw mov movs movsb movsw movsq mul neg nop not or out pop popf push pushf rcl rcr ret retf retn rol ror sahf sal sar sbb scas scasb scasw shl shr stc std sti stos stosb stosw sub test wait xchg xlat xlatb xor bound enter ins insb insw leave outs outsb outsw popa pusha pushw arpl lar lsl sgdt sidt sldt smsw str verr verw clts lgdt lidt lldt lmsw ltr bsf bsr bt btc btr bts cdq cmpsd cwde insd iretd iretdf iretf jecxz lfs lgs lodsd loopd looped loopned loopnzd loopzd lss movsd movsx movzx outsd popad popfd pushad pushd pushfd scasd seta setae setb setbe setc sete setg setge setl setle setna setnae setnb setnbe setnc setne setng setnge setnl setnle setno setnp setns setnz seto setp setpe setpo sets setz shld shrd stosd bswap cmpxchg invd invlpg wbinvd xadd lock rep repe repne repnz repz cflush cpuid emms femms cmovo cmovno cmovb cmovc cmovnae cmovae cmovnb cmovnc cmove cmovz cmovne cmovnz cmovbe cmovna cmova cmovnbe cmovs cmovns cmovp cmovpe cmovnp cmovpo cmovl cmovnge cmovge cmovnl cmovle cmovng cmovg cmovnle cmpxchg486 cmpxchg8b loadall loadall286 ibts icebp int1 int3 int01 int03 iretw popaw popfw pushaw pushfw rdmsr rdpmc rdshr rdtsc rsdc rsldt rsm rsts salc smi smint smintold svdc svldt svts syscall sysenter sysexit sysret ud0 ud1 ud2 umov xbts wrmsr wrshr
	segment section bits vstart align ends end byte word dword qword rel abs
    </Keyword>
    <variable>ah al ax bh bl bp bx ch cl cr0 cr2 cr3 cr4 cs cx dh di dl dr0 dr1 dr2 dr3 dr6 dr7 ds dx eax ebp ebx ecx edi edx es esi esp fs gs rax rbx rcx rdx rbp rsp rsi rdi si sp ss st tr3 tr4 tr5 tr6 tr7 st0 st1 st2 st3 st4 st5 st6 st7 mm0 mm1 mm2 mm3 mm4 mm5 mm6 mm7 xmm0 xmm1 xmm2 xmm3 xmm4 xmm5 xmm6 xmm7 xmm8 xmm9 xmm10 xmm11 xmm12 xmm13 xmm14 xmm15 r8 r9 r10 r11 r12 r13 r14 r15 r8d r9d r10d r11d r12d r13d r14d r15d r8w r9w r10w r11w r12w r13w r14w r15w r8b r9b r10b r11b r12b r13b r14b r15b bpl spl sil dil flags eflags rflags
	</variable>
  </Identifiers>
  
  <Comment Start=";"></Comment>
  <Token CharsStart="0..9" Content = '0..9.xabcdef_' Attribute='NUMBER'> </Token>
  <Token Start="'" End="'" Attribute='STRING'> </Token>
  
  <Symbols Content='db dw dd dt times dup equ'></Symbols>
     
  <Block>
    <Start> SEGMENT </Start>
	<End> ENDS </End>
  </Block>
  
</Language>